{
 "v1": {
  "datasource": "DataSourceAzure [seed=/var/lib/waagent]",
  "init": {
   "errors": [],
   "finished": 1716003821.8309348,
   "start": 1716003821.2927098
  },
  "init-local": {
   "errors": [],
   "finished": 1716003819.2597206,
   "start": 1716003818.7580404
  },
  "modules-config": {
   "errors": [],
   "finished": 1716003823.8061655,
   "start": 1716003823.6477728
  },
  "modules-final": {
   "errors": [],
   "finished": 1716003824.8464935,
   "start": 1716003824.675517
  },
  "modules-init": {
   "errors": [],
   "finished": null,
   "start": null
  },
  "stage": null
 }
}
