{
  "CHANGELOG.md": "2d94d75f4502abb057d1e79c9f9af6be",
  "Gemfile": "d88dc01f6d5500c5ab82416132b88670",
  "LICENSE": "86d3f3a95c324c9479bd8986968f4327",
  "README.md": "860fc8de5e2fa5a022f4c12514735f5d",
  "REFERENCE.md": "ffed123e0b2f24801139dcc04c31da21",
  "Rakefile": "5df4774149839a995ed5681f6545b6ff",
  "appveyor.yml": "f311f30afa1475cc429f0d114aafd921",
  "lib/puppet/external/nagios/base.rb": "7577c67d25bfda4faf0c732494975579",
  "lib/puppet/external/nagios/grammar.ry": "5cdc69b1d567072b6afeccfb55d07e63",
  "lib/puppet/external/nagios/makefile": "483e6ad723d7f374c78c65551f67db4d",
  "lib/puppet/external/nagios/parser.rb": "47d99bac3bedc647f4bcf7808bad165c",
  "lib/puppet/external/nagios.rb": "7b50e587d9edf15bee21bedf66e9594b",
  "lib/puppet/provider/naginator.rb": "c423f932d4f06a8f8bc32cbd17ced14c",
  "lib/puppet/type/nagios_command.rb": "4edb48499992a8275e1f96f48589d17d",
  "lib/puppet/type/nagios_contact.rb": "74980e9d27989de9c914ca49e5f2eb43",
  "lib/puppet/type/nagios_contactgroup.rb": "6dad48b5a3b1250081f20fd8f5a07644",
  "lib/puppet/type/nagios_host.rb": "d8860bdb83babedfcc73272f76e34131",
  "lib/puppet/type/nagios_hostdependency.rb": "0af776cb5845c8ac5a753fec36a6e06f",
  "lib/puppet/type/nagios_hostescalation.rb": "b5fea7986f6aa94235a6ac1b801b2179",
  "lib/puppet/type/nagios_hostextinfo.rb": "3e035488737d73daaaee841396fa6e7d",
  "lib/puppet/type/nagios_hostgroup.rb": "1702492bf33c2c43fa74d0106c033899",
  "lib/puppet/type/nagios_service.rb": "960d92a878c0e7cd36a504d110fc28d9",
  "lib/puppet/type/nagios_servicedependency.rb": "dff170edbf5b9e5155e763de81bae840",
  "lib/puppet/type/nagios_serviceescalation.rb": "8a7280762982b0ce08a1090213ecd65c",
  "lib/puppet/type/nagios_serviceextinfo.rb": "632d036e3be81853572b19c9dc0ea851",
  "lib/puppet/type/nagios_servicegroup.rb": "30afc0ec5d22cc0834a2662a9a4299db",
  "lib/puppet/type/nagios_timeperiod.rb": "78641bf5875c15902cf8c6533f3b934b",
  "lib/puppet/util/nagios_maker.rb": "1bc22f2be250085bdf9e9ff9a5bad12b",
  "locales/config.yaml": "e5c2d31d53ff53bd4a56053fb6a4ca05",
  "locales/puppetlabs-nagios_core.pot": "0d371508edc70122eb1fc0717fbf2798",
  "metadata.json": "5d8364e0df338d824208a7bc5290ee94",
  "spec/default_facts.yml": "d4442f09ee2f33f2d55f078d0ee2634f",
  "spec/fixtures/unit/external/nagios/parser/define_empty_param": "1682d0fa82f6c55cf49f7d2b21f47fb6",
  "spec/integration/type/nagios_spec.rb": "15c1b24fe338c2d4ebb19d961ef28ec6",
  "spec/lib/puppet_spec/files.rb": "c41d5ddfe76b1f1e34498da61a59baa8",
  "spec/spec_helper.rb": "fd4bb1cb211ead965004139598dc7c80",
  "spec/spec_helper_local.rb": "51a542d95568ed6d248582c5f67a8ca9",
  "spec/unit/external/nagios/base_spec.rb": "1fd578df131e07d5a55dd6f31c659347",
  "spec/unit/external/nagios/parser_spec.rb": "4b7f9fc4e01404f43aa8a4c1829c50d6",
  "spec/unit/provider/naginator_spec.rb": "9b06adf909be2180951cddd955efcb71",
  "spec/unit/type/nagios_spec.rb": "4a1fc415f76f5fdbd5eeaad8d3e7ba04",
  "spec/unit/util/nagios_maker_spec.rb": "18cb4bbab706f4623fcc0f3f207bab2f"
}