{
  "name": "puppetlabs-nagios_core",
  "version": "1.0.3",
  "author": "Puppet Labs",
  "summary": "Manage Nagios resource configuration files.",
  "license": "Apache-2.0",
  "source": "https://github.com/puppetlabs/puppetlabs-nagios_core",
  "project_page": "https://github.com/puppetlabs/puppetlabs-nagios_core",
  "issues_url": "https://tickets.puppetlabs.com/browse/MODULES",
  "dependencies": [
  
  ],
  "data_provider": null,
  "operatingsystem_support": [
    {
      "operatingsystem": "CentOS",
      "operatingsystemrelease": [
        "7"
      ]
    },
    {
      "operatingsystem": "OracleLinux",
      "operatingsystemrelease": [
        "7"
      ]
    },
    {
      "operatingsystem": "RedHat",
      "operatingsystemrelease": [
        "7"
      ]
    },
    {
      "operatingsystem": "Scientific",
      "operatingsystemrelease": [
        "7"
      ]
    },
    {
      "operatingsystem": "Debian",
      "operatingsystemrelease": [
        "8"
      ]
    },
    {
      "operatingsystem": "Ubuntu",
      "operatingsystemrelease": [
        "16.04"
      ]
    },
    {
      "operatingsystem": "windows",
      "operatingsystemrelease": [
        "2008 R2",
        "2012 R2",
        "10"
      ]
    },
    {
      "operatingsystem": "Fedora",
      "operatingsystemrelease": [
        "25"
      ]
    },
    {
      "operatingsystem": "Darwin",
      "operatingsystemrelease": [
        "16"
      ]
    },
    {
      "operatingsystem": "SLES",
      "operatingsystemrelease": [
        "12"
      ]
    },
    {
      "operatingsystem": "Solaris",
      "operatingsystemrelease": [
        "11"
      ]
    }
  ],
  "requirements": [
    {
      "name": "puppet",
      "version_requirement": ">= 4.10.0 < 7.0.0"
    }
  ],
  "pdk-version": "1.8.0",
  "template-url": "https://github.com/puppetlabs/pdk-templates",
  "template-ref": "heads/master-0-gd61c0a4"
}
